Designator,Footprint,Quantity,Value,LCSC Part #
"C1, C2",C_0402_1005Metric,2,100n,C307331
C10,C_0402_1005Metric,1,1uF,C52923
"C11, C12, C14, C15, C16, C17, C18, C19, C22, C23, C25, C26, C27, C28, C29, C30, C31, C32, C4, C5, C6, C7, C9",C_0402_1005Metric,23,100nF,C307331
"C13, C24",C_0603_1608Metric,2,10uF,C96446
"C3, C8",C_0402_1005Metric,2,4.7uF,C23733
"D1, D2",D_SMA,2,SS14,C2480
"FID1, FID2, FID3, FID4, FID5, FID6",Fiducial_1mm_Mask2mm,6,Fiducial,
"FID7, FID8",Fiducial_0.5mm_Mask1mm,2,Fiducial,
"H1, H2",MountingHole_3.2mm_M3_DIN965_Pad,2,PCIE_Bracket_Hole,
J1,PCIexpress_bracket_low,1,PCIexpress_bracket,
J2,PCIexpress_x1,1,PCIexpress_x1,
J3,U.FL_Hirose_U.FL-R-SMT-1_Vertical,1,PPS,C88373
J4,U.FL_Hirose_U.FL-R-SMT-1_Vertical,1,IE-CLK,C88373
J5,RJ45_BEL_SS74301-00x_Vertical,1,RJ45_LED_Shielded,
J6,PinHeader_1x02_P1.27mm_Vertical,1,RESET,
J7,PinHeader_2x05_P1.27mm_Vertical,1,JTAG,
"L1, L2, L3, L4, L6, L7, L8",L_0603_1608Metric,7,220R,C88971
L5,L_CY43-3.3UH,1,3.3uH,C2929417
"R11, R12, R6",R_0603_1608Metric,3,330,C23138
"R15, R19, R20",R_0603_1608Metric,3,0,C21189
"R22, R23, R24, R25",R_0402_1005Metric,4,75,C25133
R26,R_0603_1608Metric,1,10k,C25804
R3,R_0603_1608Metric,1,6.04k,C325745
R4,R_0603_1608Metric,1,200,C8218
R5,R_0603_1608Metric,1,1k,C21190
TP1,TestPoint_Pad_D1.0mm,1,2V5,
TP10,TestPoint_Pad_D1.0mm,1,PCIE_3V3,
TP12,TestPoint_Pad_D1.0mm,1,~{CLKREQ},
TP13,TestPoint_Pad_D1.0mm,1,~{PERST},
TP14,TestPoint_Pad_D1.0mm,1,3V3_AUX,
TP15,TestPoint_Pad_D1.0mm,1,~{WAKE},
TP2,TestPoint_Pad_D1.0mm,1,1V2,
TP3,TestPoint_Pad_D1.0mm,1,GPIO3,
TP4,TestPoint_Pad_D1.0mm,1,GPIO2,
TP5,TestPoint_Pad_D1.0mm,1,GPIO1,
TP6,TestPoint_Pad_D1.0mm,1,GPIO0,
TR1,Transformer_Ethernet_HALO_TG111-MSC13,1,MT24-S1T1,C501477
U1,QFN-48-1EP_7x7mm_P0.5mm_EP5.3x5.3mm,1,LAN7430,C633486
U2,SO-8_3.9x4.9mm_P1.27mm,1,93AAxxA,C153277
"U3, U4",SOT-23-6,2,SRV05-4,C397788
X1,OXETGLJANF-25MHZ_FPN,1,25 MHz ,C295525
